Variable,Correlation,p-value,Significant
Diabetes,0.07620924095592158,0.016690091385306246,Yes
BloodPressureProblems,0.16709674701094776,1.310049709072206e-07,Yes
AnyTransplants,0.2890559369634022,1.978729542363082e-20,Yes
AnyChronicDiseases,0.20860986049455071,3.713413765291526e-11,Yes
KnownAllergies,0.012102790643009292,0.7042667378180344,No
HistoryOfCancerInFamily,0.08313941651638126,0.00900558731044712,Yes
